{"cameraMode":{"drawMode":0,"name":"Shaded","section":"Shading Mode"},"sceneLighting":true,"audioPlay":false,"sceneViewState":{"showFog":true,"showMaterialUpdate":false,"showSkybox":false,"showFlares":true,"showImageEffects":true,"showParticleSystems":true},"in2DMode":false,"pivot":{"x":6.364461421966553,"y":11.233232498168946,"z":-11.338174819946289},"rotation":{"x":-0.06894300132989884,"y":-0.008388501591980458,"z":0.0005799065111204982,"w":-0.9975851774215698},"size":62.818565368652347,"orthographic":true}