{"cameraMode":{"drawMode":0,"name":"Shaded","section":"Shading Mode"},"sceneLighting":true,"audioPlay":false,"sceneViewState":{"showFog":true,"showMaterialUpdate":false,"showSkybox":false,"showFlares":true,"showImageEffects":true,"showParticleSystems":true},"in2DMode":false,"pivot":{"x":-3.545858383178711,"y":6.939626693725586,"z":-12.443402290344239},"rotation":{"x":-0.038983818143606189,"y":0.017985355108976365,"z":-0.0007017893949523568,"w":-0.9990777969360352},"size":72.68659210205078,"orthographic":true}