{"cameraMode":{"drawMode":0,"name":"Shaded","section":"Shading Mode"},"sceneLighting":true,"audioPlay":false,"sceneViewState":{"showFog":true,"showMaterialUpdate":false,"showSkybox":false,"showFlares":true,"showImageEffects":true,"showParticleSystems":true},"in2DMode":false,"pivot":{"x":-3.484358072280884,"y":6.939626693725586,"z":-12.441183090209961},"rotation":{"x":-0.07343089580535889,"y":0.008975581265985966,"z":-0.0006609049742110074,"w":-0.9972597360610962},"size":36.13961410522461,"orthographic":true}